num_auto,bw_plate_tx,bw_plate_rx,ocr_txt_tx,bits_equal,bit_errors,bits_tx,bits_rx
1,dataset_yolo/autos_bw/auto001.png,data_1m/autos_bw/auto001_rep01.png,KOZ.808,False,5,[0 0 1 ... 0 0 0],[0 0 1 ... 0 0 0]
2,dataset_yolo/autos_bw/auto002.png,data_1m/autos_bw/auto002_rep01.png,MAU.096,False,3,[0 0 0 ... 0 0 0],[0 0 0 ... 0 0 0]
2,dataset_yolo/autos_bw/auto002.png,data_1m/autos_bw/auto002_rep02.png,MAU.096,False,3,[0 0 0 ... 0 0 0],[0 0 0 ... 0 0 0]
2,dataset_yolo/autos_bw/auto002.png,data_1m/autos_bw/auto002_rep03.png,MAU.096,False,5,[0 0 0 ... 0 0 0],[0 0 0 ... 0 0 0]
2,dataset_yolo/autos_bw/auto002.png,data_1m/autos_bw/auto002_rep04.png,MAU.096,False,15,[0 0 0 ... 0 0 0],[0 0 0 ... 0 0 0]
3,dataset_yolo/autos_bw/auto003.png,data_1m/autos_bw/auto003_rep01.png,URO 387,True,0,[0 0 0 ... 0 0 1],[0 0 0 ... 0 0 1]
4,dataset_yolo/autos_bw/auto004.png,data_1m/autos_bw/auto004_rep01.png,RLO 6561,False,1,[1 0 1 ... 0 0 0],[1 0 1 ... 0 0 0]
4,dataset_yolo/autos_bw/auto004.png,data_1m/autos_bw/auto004_rep02.png,RLO 6561,False,1,[1 0 1 ... 0 0 0],[1 0 1 ... 0 0 0]
5,dataset_yolo/autos_bw/auto005.png,data_1m/autos_bw/auto005_rep01.png,PCN 831,True,0,[0 0 0 ... 0 0 1],[0 0 0 ... 0 0 1]
6,dataset_yolo/autos_bw/auto006.png,data_1m/autos_bw/auto006_rep01.png,FNU 056,False,5,[0 0 0 ... 1 1 1],[0 0 0 ... 1 1 1]
6,dataset_yolo/autos_bw/auto006.png,data_1m/autos_bw/auto006_rep02.png,FNU 056,False,2,[0 0 0 ... 1 1 1],[0 0 0 ... 1 1 1]
6,dataset_yolo/autos_bw/auto006.png,data_1m/autos_bw/auto006_rep03.png,FNU 056,False,3,[0 0 0 ... 1 1 1],[0 0 0 ... 1 1 1]
128,dataset_yolo/autos_bw/auto128.png,data_1m/autos_bw/auto128_rep01.png,LPo806,False,901,[0 0 0 ... 1 1 0],[0 0 0 ... 0 0 0]
7,dataset_yolo/autos_bw/auto007.png,data_1m/autos_bw/auto007_rep01.png,BNH 4351,False,1,[0 0 0 ... 0 0 0],[0 0 0 ... 0 0 0]
64,dataset_yolo/autos_bw/auto064.png,data_1m/autos_bw/auto064_rep01.png,DDX699,False,748,[1 0 1 ... 0 0 0],[1 1 0 ... 0 0 0]
7,dataset_yolo/autos_bw/auto007.png,data_1m/autos_bw/auto007_rep02.png,BNH 4351,True,0,[0 0 0 ... 0 0 0],[0 0 0 ... 0 0 0]
8,dataset_yolo/autos_bw/auto008.png,data_1m/autos_bw/auto008_rep01.png,IIv 310,True,0,[0 0 0 ... 1 1 1],[0 0 0 ... 1 1 1]
8,dataset_yolo/autos_bw/auto008.png,data_1m/autos_bw/auto008_rep02.png,IIv 310,True,0,[0 0 0 ... 1 1 1],[0 0 0 ... 1 1 1]
9,dataset_yolo/autos_bw/auto009.png,data_1m/autos_bw/auto009_rep01.png,PAY581,False,4,[0 0 0 ... 1 1 1],[0 0 0 ... 1 1 1]
9,dataset_yolo/autos_bw/auto009.png,data_1m/autos_bw/auto009_rep02.png,PAY581,False,5,[0 0 0 ... 1 1 1],[0 0 0 ... 1 1 1]
9,dataset_yolo/autos_bw/auto009.png,data_1m/autos_bw/auto009_rep03.png,PAY581,False,8,[0 0 0 ... 1 1 1],[0 0 0 ... 1 1 1]
10,dataset_yolo/autos_bw/auto010.png,data_1m/autos_bw/auto010_rep01.png,EJM 607,False,10,[0 0 0 ... 1 1 1],[0 0 0 ... 1 1 1]
10,dataset_yolo/autos_bw/auto010.png,data_1m/autos_bw/auto010_rep02.png,EJM 607,False,3,[0 0 0 ... 1 1 1],[0 0 0 ... 1 1 1]
10,dataset_yolo/autos_bw/auto010.png,data_1m/autos_bw/auto010_rep03.png,EJM 607,False,4,[0 0 0 ... 1 1 1],[0 0 0 ... 1 1 1]
10,dataset_yolo/autos_bw/auto010.png,data_1m/autos_bw/auto010_rep04.png,EJM 607,False,13,[0 0 0 ... 1 1 1],[0 0 0 ... 1 1 1]
10,dataset_yolo/autos_bw/auto010.png,data_1m/autos_bw/auto010_rep05.png,EJM 607,False,9,[0 0 0 ... 1 1 1],[0 0 0 ... 1 1 1]
11,dataset_yolo/autos_bw/auto011.png,data_1m/autos_bw/auto011_rep01.png,HGR-959,False,13,[0 0 0 ... 1 0 0],[0 0 0 ... 1 0 0]
11,dataset_yolo/autos_bw/auto011.png,data_1m/autos_bw/auto011_rep02.png,HGR-959,False,2,[0 0 0 ... 1 0 0],[0 0 0 ... 1 0 0]
12,dataset_yolo/autos_bw/auto012.png,data_1m/autos_bw/auto012_rep01.png,KHT 439,False,9,[0 0 0 ... 0 0 1],[0 0 0 ... 0 0 1]
129,dataset_yolo/autos_bw/auto129.png,data_1m/autos_bw/auto129_rep01.png,HBM 486,False,962,[0 0 0 ... 0 0 0],[0 0 0 ... 1 1 0]
224,,data_1m/autos_bw/auto224_rep01.png,,False,2000,,[0 0 0 ... 1 0 0]
12,dataset_yolo/autos_bw/auto012.png,data_1m/autos_bw/auto012_rep02.png,KHT 439,False,88,[0 0 0 ... 0 0 1],[0 0 0 ... 0 0 0]
97,dataset_yolo/autos_bw/auto097.png,data_1m/autos_bw/auto097_rep01.png,NIN 354,False,1014,[1 1 1 ... 0 0 0],[1 0 0 ... 1 0 1]
13,dataset_yolo/autos_bw/auto013.png,data_1m/autos_bw/auto013_rep01.png,LZS 202,False,2,[1 1 1 ... 0 0 0],[1 1 1 ... 0 0 0]
14,dataset_yolo/autos_bw/auto014.png,data_1m/autos_bw/auto014_rep01.png,CCU 1081,False,1,[0 0 0 ... 0 0 0],[0 0 0 ... 0 0 0]
64,dataset_yolo/autos_bw/auto064.png,data_1m/autos_bw/auto064_rep02.png,DDX699,False,793,[1 0 1 ... 0 0 0],[0 0 0 ... 0 0 0]
132,dataset_yolo/autos_bw/auto132.png,data_1m/autos_bw/auto132_rep01.png,LMN:134,False,953,[0 0 0 ... 0 0 0],[0 0 0 ... 0 0 0]
64,dataset_yolo/autos_bw/auto064.png,data_1m/autos_bw/auto064_rep03.png,DDX699,False,790,[1 0 1 ... 0 0 0],[0 0 0 ... 0 0 0]
15,dataset_yolo/autos_bw/auto015.png,data_1m/autos_bw/auto015_rep01.png,447,True,0,[1 1 1 ... 0 1 1],[1 1 1 ... 0 1 1]
15,dataset_yolo/autos_bw/auto015.png,data_1m/autos_bw/auto015_rep02.png,447,True,0,[1 1 1 ... 0 1 1],[1 1 1 ... 0 1 1]
66,dataset_yolo/autos_bw/auto066.png,data_1m/autos_bw/auto066_rep01.png,CDU 939,False,852,[0 0 0 ... 1 1 1],[0 0 0 ... 0 0 0]
16,dataset_yolo/autos_bw/auto016.png,data_1m/autos_bw/auto016_rep01.png,DAt:770,False,3,[1 1 1 ... 0 0 0],[1 1 1 ... 0 0 0]
16,dataset_yolo/autos_bw/auto016.png,data_1m/autos_bw/auto016_rep02.png,DAt:770,True,0,[1 1 1 ... 0 0 0],[1 1 1 ... 0 0 0]
17,dataset_yolo/autos_bw/auto017.png,data_1m/autos_bw/auto017_rep01.png,JLY-629,False,2,[1 1 1 ... 0 1 1],[1 1 1 ... 0 1 1]
17,dataset_yolo/autos_bw/auto017.png,data_1m/autos_bw/auto017_rep02.png,JLY-629,True,0,[1 1 1 ... 0 1 1],[1 1 1 ... 0 1 1]
18,dataset_yolo/autos_bw/auto018.png,data_1m/autos_bw/auto018_rep01.png,NBV 597,False,7,[0 0 0 ... 0 0 0],[0 0 0 ... 0 0 0]
19,dataset_yolo/autos_bw/auto019.png,data_1m/autos_bw/auto019_rep01.png,JXZ 668,True,0,[1 0 0 ... 1 1 1],[1 0 0 ... 1 1 1]
19,dataset_yolo/autos_bw/auto019.png,data_1m/autos_bw/auto019_rep02.png,JXZ 668,True,0,[1 0 0 ... 1 1 1],[1 0 0 ... 1 1 1]
19,dataset_yolo/autos_bw/auto019.png,data_1m/autos_bw/auto019_rep03.png,JXZ 668,False,1,[1 0 0 ... 1 1 1],[1 0 0 ... 1 1 1]
20,dataset_yolo/autos_bw/auto020.png,data_1m/autos_bw/auto020_rep01.png,RAU:2371,False,1,[0 0 0 ... 1 1 1],[0 0 0 ... 1 1 1]
20,dataset_yolo/autos_bw/auto020.png,data_1m/autos_bw/auto020_rep02.png,RAU:2371,True,0,[0 0 0 ... 1 1 1],[0 0 0 ... 1 1 1]
20,dataset_yolo/autos_bw/auto020.png,data_1m/autos_bw/auto020_rep03.png,RAU:2371,True,0,[0 0 0 ... 1 1 1],[0 0 0 ... 1 1 1]
20,dataset_yolo/autos_bw/auto020.png,data_1m/autos_bw/auto020_rep04.png,RAU:2371,False,1,[0 0 0 ... 1 1 1],[0 0 0 ... 1 1 1]
29,dataset_yolo/autos_bw/auto029.png,data_1m/autos_bw/auto029_rep01.png,JFL 8261,False,616,[0 0 0 ... 1 1 1],[0 0 0 ... 0 0 0]
22,dataset_yolo/autos_bw/auto022.png,data_1m/autos_bw/auto022_rep01.png,DBU 310,False,1,[0 0 0 ... 0 1 1],[0 0 0 ... 0 1 1]
22,dataset_yolo/autos_bw/auto022.png,data_1m/autos_bw/auto022_rep02.png,DBU 310,False,1,[0 0 0 ... 0 1 1],[0 0 0 ... 0 1 1]
23,dataset_yolo/autos_bw/auto023.png,data_1m/autos_bw/auto023_rep01.png,Zz0.409,True,0,[0 0 0 ... 0 0 0],[0 0 0 ... 0 0 0]
23,dataset_yolo/autos_bw/auto023.png,data_1m/autos_bw/auto023_rep02.png,Zz0.409,True,0,[0 0 0 ... 0 0 0],[0 0 0 ... 0 0 0]
23,dataset_yolo/autos_bw/auto023.png,data_1m/autos_bw/auto023_rep03.png,Zz0.409,True,0,[0 0 0 ... 0 0 0],[0 0 0 ... 0 0 0]
23,dataset_yolo/autos_bw/auto023.png,data_1m/autos_bw/auto023_rep04.png,Zz0.409,True,0,[0 0 0 ... 0 0 0],[0 0 0 ... 0 0 0]
24,dataset_yolo/autos_bw/auto024.png,data_1m/autos_bw/auto024_rep01.png,ULK,True,0,[0 0 0 ... 0 0 0],[0 0 0 ... 0 0 0]
24,dataset_yolo/autos_bw/auto024.png,data_1m/autos_bw/auto024_rep02.png,ULK,True,0,[0 0 0 ... 0 0 0],[0 0 0 ... 0 0 0]
24,dataset_yolo/autos_bw/auto024.png,data_1m/autos_bw/auto024_rep03.png,ULK,True,0,[0 0 0 ... 0 0 0],[0 0 0 ... 0 0 0]
25,dataset_yolo/autos_bw/auto025.png,data_1m/autos_bw/auto025_rep01.png,NYV 513,True,0,[0 0 0 ... 1 1 1],[0 0 0 ... 1 1 1]
25,dataset_yolo/autos_bw/auto025.png,data_1m/autos_bw/auto025_rep02.png,NYV 513,True,0,[0 0 0 ... 1 1 1],[0 0 0 ... 1 1 1]
26,dataset_yolo/autos_bw/auto026.png,data_1m/autos_bw/auto026_rep01.png,ULX9631,True,0,[0 1 1 ... 0 0 0],[0 1 1 ... 0 0 0]
26,dataset_yolo/autos_bw/auto026.png,data_1m/autos_bw/auto026_rep02.png,ULX9631,True,0,[0 1 1 ... 0 0 0],[0 1 1 ... 0 0 0]
28,dataset_yolo/autos_bw/auto028.png,data_1m/autos_bw/auto028_rep01.png,DzS-446,True,0,[0 0 0 ... 0 0 0],[0 0 0 ... 0 0 0]
28,dataset_yolo/autos_bw/auto028.png,data_1m/autos_bw/auto028_rep02.png,DzS-446,True,0,[0 0 0 ... 0 0 0],[0 0 0 ... 0 0 0]
29,dataset_yolo/autos_bw/auto029.png,data_1m/autos_bw/auto029_rep02.png,JFL 8261,False,3,[0 0 0 ... 1 1 1],[0 0 0 ... 1 1 1]
29,dataset_yolo/autos_bw/auto029.png,data_1m/autos_bw/auto029_rep03.png,JFL 8261,False,4,[0 0 0 ... 1 1 1],[0 0 0 ... 1 1 1]
30,dataset_yolo/autos_bw/auto030.png,data_1m/autos_bw/auto030_rep01.png,UUT-864,True,0,[0 0 0 ... 0 0 0],[0 0 0 ... 0 0 0]
30,dataset_yolo/autos_bw/auto030.png,data_1m/autos_bw/auto030_rep02.png,UUT-864,False,431,[0 0 0 ... 0 0 0],[0 0 0 ... 0 0 0]
31,dataset_yolo/autos_bw/auto031.png,data_1m/autos_bw/auto031_rep01.png,RKM 559,True,0,[1 1 1 ... 0 0 0],[1 1 1 ... 0 0 0]
32,dataset_yolo/autos_bw/auto032.png,data_1m/autos_bw/auto032_rep01.png,EMM 0391,False,7,[0 0 0 ... 0 0 0],[0 0 0 ... 0 0 0]
178,dataset_yolo/autos_bw/auto178.png,data_1m/autos_bw/auto178_rep01.png,CCN 216,False,1058,[0 0 0 ... 0 0 0],[1 1 0 ... 1 1 1]
33,dataset_yolo/autos_bw/auto033.png,data_1m/autos_bw/auto033_rep01.png,NKU:190,False,1,[0 0 0 ... 0 0 0],[0 0 0 ... 0 0 0]
34,dataset_yolo/autos_bw/auto034.png,data_1m/autos_bw/auto034_rep01.png,CHT 398,True,0,[0 0 0 ... 1 1 1],[0 0 0 ... 1 1 1]
34,dataset_yolo/autos_bw/auto034.png,data_1m/autos_bw/auto034_rep02.png,CHT 398,True,0,[0 0 0 ... 1 1 1],[0 0 0 ... 1 1 1]
35,dataset_yolo/autos_bw/auto035.png,data_1m/autos_bw/auto035_rep01.png,JHV-190,False,7,[1 1 1 ... 1 1 1],[1 1 1 ... 1 1 1]
35,dataset_yolo/autos_bw/auto035.png,data_1m/autos_bw/auto035_rep02.png,JHV-190,False,10,[1 1 1 ... 1 1 1],[1 1 1 ... 1 1 1]
35,dataset_yolo/autos_bw/auto035.png,data_1m/autos_bw/auto035_rep03.png,JHV-190,False,18,[1 1 1 ... 1 1 1],[1 1 1 ... 1 1 1]
36,dataset_yolo/autos_bw/auto036.png,data_1m/autos_bw/auto036_rep01.png,FPN 470,False,1,[0 0 0 ... 0 0 0],[0 0 0 ... 0 0 0]
36,dataset_yolo/autos_bw/auto036.png,data_1m/autos_bw/auto036_rep02.png,FPN 470,True,0,[0 0 0 ... 0 0 0],[0 0 0 ... 0 0 0]
36,dataset_yolo/autos_bw/auto036.png,data_1m/autos_bw/auto036_rep03.png,FPN 470,True,0,[0 0 0 ... 0 0 0],[0 0 0 ... 0 0 0]
36,dataset_yolo/autos_bw/auto036.png,data_1m/autos_bw/auto036_rep04.png,FPN 470,True,0,[0 0 0 ... 0 0 0],[0 0 0 ... 0 0 0]
37,dataset_yolo/autos_bw/auto037.png,data_1m/autos_bw/auto037_rep01.png,IFU 194,True,0,[0 1 1 ... 0 0 0],[0 1 1 ... 0 0 0]
38,dataset_yolo/autos_bw/auto038.png,data_1m/autos_bw/auto038_rep01.png,IXN759,True,0,[0 0 0 ... 0 0 0],[0 0 0 ... 0 0 0]
38,dataset_yolo/autos_bw/auto038.png,data_1m/autos_bw/auto038_rep02.png,IXN759,True,0,[0 0 0 ... 0 0 0],[0 0 0 ... 0 0 0]
38,dataset_yolo/autos_bw/auto038.png,data_1m/autos_bw/auto038_rep03.png,IXN759,False,50,[0 0 0 ... 0 0 0],[0 0 0 ... 0 0 0]
39,dataset_yolo/autos_bw/auto039.png,data_1m/autos_bw/auto039_rep01.png,KXK-460,True,0,[0 0 0 ... 0 0 0],[0 0 0 ... 0 0 0]
39,dataset_yolo/autos_bw/auto039.png,data_1m/autos_bw/auto039_rep02.png,KXK-460,True,0,[0 0 0 ... 0 0 0],[0 0 0 ... 0 0 0]
40,dataset_yolo/autos_bw/auto040.png,data_1m/autos_bw/auto040_rep01.png,KVZ 867,False,1,[0 0 0 ... 0 0 0],[0 0 0 ... 0 0 0]
40,dataset_yolo/autos_bw/auto040.png,data_1m/autos_bw/auto040_rep02.png,KVZ 867,True,0,[0 0 0 ... 0 0 0],[0 0 0 ... 0 0 0]
41,dataset_yolo/autos_bw/auto041.png,data_1m/autos_bw/auto041_rep01.png,RLM:799,True,0,[0 0 0 ... 0 0 0],[0 0 0 ... 0 0 0]
41,dataset_yolo/autos_bw/auto041.png,data_1m/autos_bw/auto041_rep02.png,RLM:799,True,0,[0 0 0 ... 0 0 0],[0 0 0 ... 0 0 0]
42,dataset_yolo/autos_bw/auto042.png,data_1m/autos_bw/auto042_rep01.png,KXZ.778,True,0,[0 0 0 ... 1 0 0],[0 0 0 ... 1 0 0]
43,dataset_yolo/autos_bw/auto043.png,data_1m/autos_bw/auto043_rep01.png,DOT 087-,True,0,[0 0 0 ... 0 0 0],[0 0 0 ... 0 0 0]
44,dataset_yolo/autos_bw/auto044.png,data_1m/autos_bw/auto044_rep01.png,HvU =,True,0,[0 0 0 ... 1 1 1],[0 0 0 ... 1 1 1]
44,dataset_yolo/autos_bw/auto044.png,data_1m/autos_bw/auto044_rep02.png,HvU =,True,0,[0 0 0 ... 1 1 1],[0 0 0 ... 1 1 1]
44,dataset_yolo/autos_bw/auto044.png,data_1m/autos_bw/auto044_rep03.png,HvU =,True,0,[0 0 0 ... 1 1 1],[0 0 0 ... 1 1 1]
45,dataset_yolo/autos_bw/auto045.png,data_1m/autos_bw/auto045_rep01.png,IFo 0851,True,0,[0 0 0 ... 0 1 1],[0 0 0 ... 0 1 1]
45,dataset_yolo/autos_bw/auto045.png,data_1m/autos_bw/auto045_rep02.png,IFo 0851,True,0,[0 0 0 ... 0 1 1],[0 0 0 ... 0 1 1]
46,dataset_yolo/autos_bw/auto046.png,data_1m/autos_bw/auto046_rep01.png,NDT-524,True,0,[0 0 0 ... 0 0 0],[0 0 0 ... 0 0 0]
46,dataset_yolo/autos_bw/auto046.png,data_1m/autos_bw/auto046_rep02.png,NDT-524,True,0,[0 0 0 ... 0 0 0],[0 0 0 ... 0 0 0]
48,dataset_yolo/autos_bw/auto048.png,data_1m/autos_bw/auto048_rep01.png,IMU991,True,0,[0 0 1 ... 1 1 1],[0 0 1 ... 1 1 1]
48,dataset_yolo/autos_bw/auto048.png,data_1m/autos_bw/auto048_rep02.png,IMU991,True,0,[0 0 1 ... 1 1 1],[0 0 1 ... 1 1 1]
48,dataset_yolo/autos_bw/auto048.png,data_1m/autos_bw/auto048_rep03.png,IMU991,False,1,[0 0 1 ... 1 1 1],[0 0 1 ... 1 1 1]
48,dataset_yolo/autos_bw/auto048.png,data_1m/autos_bw/auto048_rep04.png,IMU991,True,0,[0 0 1 ... 1 1 1],[0 0 1 ... 1 1 1]
49,dataset_yolo/autos_bw/auto049.png,data_1m/autos_bw/auto049_rep01.png,RNV:110,False,7,[1 0 0 ... 1 1 1],[1 0 0 ... 1 1 1]
49,dataset_yolo/autos_bw/auto049.png,data_1m/autos_bw/auto049_rep02.png,RNV:110,False,3,[1 0 0 ... 1 1 1],[1 0 0 ... 1 1 1]
49,dataset_yolo/autos_bw/auto049.png,data_1m/autos_bw/auto049_rep03.png,RNV:110,False,5,[1 0 0 ... 1 1 1],[1 0 0 ... 1 1 1]
50,dataset_yolo/autos_bw/auto050.png,data_1m/autos_bw/auto050_rep01.png,IHX978,True,0,[0 0 0 ... 0 0 0],[0 0 0 ... 0 0 0]
50,dataset_yolo/autos_bw/auto050.png,data_1m/autos_bw/auto050_rep02.png,IHX978,False,1,[0 0 0 ... 0 0 0],[0 0 0 ... 0 0 0]
51,dataset_yolo/autos_bw/auto051.png,data_1m/autos_bw/auto051_rep01.png,KXU.598,False,1,[1 1 1 ... 1 1 1],[1 1 1 ... 1 1 1]
52,dataset_yolo/autos_bw/auto052.png,data_1m/autos_bw/auto052_rep01.png,AHD 857,True,0,[1 0 0 ... 1 0 1],[1 0 0 ... 1 0 1]
52,dataset_yolo/autos_bw/auto052.png,data_1m/autos_bw/auto052_rep02.png,AHD 857,True,0,[1 0 0 ... 1 0 1],[1 0 0 ... 1 0 1]
52,dataset_yolo/autos_bw/auto052.png,data_1m/autos_bw/auto052_rep03.png,AHD 857,True,0,[1 0 0 ... 1 0 1],[1 0 0 ... 1 0 1]
53,dataset_yolo/autos_bw/auto053.png,data_1m/autos_bw/auto053_rep01.png,HIT-689,True,0,[0 0 0 ... 0 0 0],[0 0 0 ... 0 0 0]
53,dataset_yolo/autos_bw/auto053.png,data_1m/autos_bw/auto053_rep02.png,HIT-689,True,0,[0 0 0 ... 0 0 0],[0 0 0 ... 0 0 0]
54,dataset_yolo/autos_bw/auto054.png,data_1m/autos_bw/auto054_rep01.png,HBU 176/,True,0,[0 0 0 ... 0 0 0],[0 0 0 ... 0 0 0]
54,dataset_yolo/autos_bw/auto054.png,data_1m/autos_bw/auto054_rep02.png,HBU 176/,False,1,[0 0 0 ... 0 0 0],[0 0 0 ... 0 0 0]
55,dataset_yolo/autos_bw/auto055.png,data_1m/autos_bw/auto055_rep01.png,IMK 4881,False,3,[1 1 1 ... 0 0 0],[1 1 1 ... 0 0 0]
55,dataset_yolo/autos_bw/auto055.png,data_1m/autos_bw/auto055_rep02.png,IMK 4881,False,3,[1 1 1 ... 0 0 0],[1 1 1 ... 0 0 0]
56,dataset_yolo/autos_bw/auto056.png,data_1m/autos_bw/auto056_rep01.png,ZYM287,False,2,[1 1 1 ... 0 0 0],[1 1 1 ... 0 0 0]
56,dataset_yolo/autos_bw/auto056.png,data_1m/autos_bw/auto056_rep02.png,ZYM287,False,3,[1 1 1 ... 0 0 0],[1 1 1 ... 0 0 0]
57,dataset_yolo/autos_bw/auto057.png,data_1m/autos_bw/auto057_rep01.png,Gix 414,True,0,[0 0 0 ... 0 0 0],[0 0 0 ... 0 0 0]
58,dataset_yolo/autos_bw/auto058.png,data_1m/autos_bw/auto058_rep01.png,IYHU 540,True,0,[0 0 0 ... 0 0 0],[0 0 0 ... 0 0 0]
58,dataset_yolo/autos_bw/auto058.png,data_1m/autos_bw/auto058_rep02.png,IYHU 540,True,0,[0 0 0 ... 0 0 0],[0 0 0 ... 0 0 0]
58,dataset_yolo/autos_bw/auto058.png,data_1m/autos_bw/auto058_rep03.png,IYHU 540,False,5,[0 0 0 ... 0 0 0],[0 0 0 ... 0 0 0]
59,dataset_yolo/autos_bw/auto059.png,data_1m/autos_bw/auto059_rep01.png,RJz 690],True,0,[0 0 0 ... 0 0 0],[0 0 0 ... 0 0 0]
59,dataset_yolo/autos_bw/auto059.png,data_1m/autos_bw/auto059_rep02.png,RJz 690],True,0,[0 0 0 ... 0 0 0],[0 0 0 ... 0 0 0]
60,dataset_yolo/autos_bw/auto060.png,data_1m/autos_bw/auto060_rep01.png,NAL.348,True,0,[0 0 0 ... 0 0 0],[0 0 0 ... 0 0 0]
89,dataset_yolo/autos_bw/auto089.png,data_1m/autos_bw/auto089_rep01.png,NuK 507,False,1030,[0 0 1 ... 0 0 0],[1 1 1 ... 1 1 1]
61,dataset_yolo/autos_bw/auto061.png,data_1m/autos_bw/auto061_rep01.png,NJP-338,False,1,[0 0 0 ... 0 0 0],[0 0 0 ... 0 0 0]
62,dataset_yolo/autos_bw/auto062.png,data_1m/autos_bw/auto062_rep01.png,"HCM: 1,39",False,17,[1 1 1 ... 0 0 0],[1 1 1 ... 0 0 0]
62,dataset_yolo/autos_bw/auto062.png,data_1m/autos_bw/auto062_rep02.png,"HCM: 1,39",False,4,[1 1 1 ... 0 0 0],[1 1 1 ... 0 0 0]
63,dataset_yolo/autos_bw/auto063.png,data_1m/autos_bw/auto063_rep01.png,UCO 197,True,0,[0 0 0 ... 0 0 0],[0 0 0 ... 0 0 0]
63,dataset_yolo/autos_bw/auto063.png,data_1m/autos_bw/auto063_rep02.png,UCO 197,True,0,[0 0 0 ... 0 0 0],[0 0 0 ... 0 0 0]
63,dataset_yolo/autos_bw/auto063.png,data_1m/autos_bw/auto063_rep03.png,UCO 197,True,0,[0 0 0 ... 0 0 0],[0 0 0 ... 0 0 0]
63,dataset_yolo/autos_bw/auto063.png,data_1m/autos_bw/auto063_rep04.png,UCO 197,True,0,[0 0 0 ... 0 0 0],[0 0 0 ... 0 0 0]
64,dataset_yolo/autos_bw/auto064.png,data_1m/autos_bw/auto064_rep04.png,DDX699,True,0,[1 0 1 ... 0 0 0],[1 0 1 ... 0 0 0]
64,dataset_yolo/autos_bw/auto064.png,data_1m/autos_bw/auto064_rep05.png,DDX699,True,0,[1 0 1 ... 0 0 0],[1 0 1 ... 0 0 0]
64,dataset_yolo/autos_bw/auto064.png,data_1m/autos_bw/auto064_rep06.png,DDX699,True,0,[1 0 1 ... 0 0 0],[1 0 1 ... 0 0 0]
66,dataset_yolo/autos_bw/auto066.png,data_1m/autos_bw/auto066_rep02.png,CDU 939,False,2,[0 0 0 ... 1 1 1],[0 0 0 ... 1 1 1]
66,dataset_yolo/autos_bw/auto066.png,data_1m/autos_bw/auto066_rep03.png,CDU 939,False,4,[0 0 0 ... 1 1 1],[0 0 0 ... 1 1 1]
67,dataset_yolo/autos_bw/auto067.png,data_1m/autos_bw/auto067_rep01.png,IrO 739,False,4,[1 1 0 ... 0 0 0],[1 1 0 ... 0 0 0]
190,,data_1m/autos_bw/auto190_rep01.png,,False,2000,,[0 1 1 ... 0 0 0]
2,dataset_yolo/autos_bw/auto002.png,data_1m/autos_bw/auto002_rep05.png,MAU.096,False,834,[0 0 0 ... 0 0 0],[0 0 1 ... 0 0 0]
68,dataset_yolo/autos_bw/auto068.png,data_1m/autos_bw/auto068_rep01.png,JVS 108,True,0,[0 0 1 ... 0 0 0],[0 0 1 ... 0 0 0]
69,dataset_yolo/autos_bw/auto069.png,data_1m/autos_bw/auto069_rep01.png,NHO 4.80,True,0,[0 0 0 ... 1 1 1],[0 0 0 ... 1 1 1]
70,dataset_yolo/autos_bw/auto070.png,data_1m/autos_bw/auto070_rep01.png,NLV 666,False,5,[0 0 0 ... 0 0 0],[0 0 0 ... 0 0 0]
70,dataset_yolo/autos_bw/auto070.png,data_1m/autos_bw/auto070_rep02.png,NLV 666,False,9,[0 0 0 ... 0 0 0],[0 0 0 ... 0 0 0]
71,dataset_yolo/autos_bw/auto071.png,data_1m/autos_bw/auto071_rep01.png,NCR.9?0,True,0,[0 1 1 ... 0 0 0],[0 1 1 ... 0 0 0]
71,dataset_yolo/autos_bw/auto071.png,data_1m/autos_bw/auto071_rep02.png,NCR.9?0,True,0,[0 1 1 ... 0 0 0],[0 1 1 ... 0 0 0]
36,dataset_yolo/autos_bw/auto036.png,data_1m/autos_bw/auto036_rep05.png,FPN 470,False,810,[0 0 0 ... 0 0 0],[1 0 0 ... 0 0 0]
72,dataset_yolo/autos_bw/auto072.png,data_1m/autos_bw/auto072_rep01.png,HAN557,True,0,[0 0 1 ... 0 0 0],[0 0 1 ... 0 0 0]
72,dataset_yolo/autos_bw/auto072.png,data_1m/autos_bw/auto072_rep02.png,HAN557,True,0,[0 0 1 ... 0 0 0],[0 0 1 ... 0 0 0]
73,dataset_yolo/autos_bw/auto073.png,data_1m/autos_bw/auto073_rep01.png,RFX 436,False,3,[0 0 0 ... 0 0 0],[0 0 0 ... 0 0 0]
73,dataset_yolo/autos_bw/auto073.png,data_1m/autos_bw/auto073_rep02.png,RFX 436,False,3,[0 0 0 ... 0 0 0],[0 0 0 ... 0 0 0]
75,dataset_yolo/autos_bw/auto075.png,data_1m/autos_bw/auto075_rep01.png,UMU 904,True,0,[0 0 0 ... 0 0 0],[0 0 0 ... 0 0 0]
75,dataset_yolo/autos_bw/auto075.png,data_1m/autos_bw/auto075_rep02.png,UMU 904,True,0,[0 0 0 ... 0 0 0],[0 0 0 ... 0 0 0]
75,dataset_yolo/autos_bw/auto075.png,data_1m/autos_bw/auto075_rep03.png,UMU 904,False,1,[0 0 0 ... 0 0 0],[0 0 0 ... 0 0 0]
76,dataset_yolo/autos_bw/auto076.png,data_1m/autos_bw/auto076_rep01.png,DOT 839,True,0,[0 1 1 ... 0 0 0],[0 1 1 ... 0 0 0]
77,dataset_yolo/autos_bw/auto077.png,data_1m/autos_bw/auto077_rep01.png,ULZ 489,True,0,[0 0 0 ... 0 1 1],[0 0 0 ... 0 1 1]
77,dataset_yolo/autos_bw/auto077.png,data_1m/autos_bw/auto077_rep02.png,ULZ 489,True,0,[0 0 0 ... 0 1 1],[0 0 0 ... 0 1 1]
77,dataset_yolo/autos_bw/auto077.png,data_1m/autos_bw/auto077_rep03.png,ULZ 489,True,0,[0 0 0 ... 0 1 1],[0 0 0 ... 0 1 1]
78,dataset_yolo/autos_bw/auto078.png,data_1m/autos_bw/auto078_rep01.png,HJU 297,True,0,[1 1 1 ... 0 0 0],[1 1 1 ... 0 0 0]
78,dataset_yolo/autos_bw/auto078.png,data_1m/autos_bw/auto078_rep02.png,HJU 297,True,0,[1 1 1 ... 0 0 0],[1 1 1 ... 0 0 0]
79,dataset_yolo/autos_bw/auto079.png,data_1m/autos_bw/auto079_rep01.png,DGO 550,True,0,[0 0 0 ... 1 1 1],[0 0 0 ... 1 1 1]
80,dataset_yolo/autos_bw/auto080.png,data_1m/autos_bw/auto080_rep01.png,CVN 829,False,1,[0 0 0 ... 0 0 0],[0 0 0 ... 0 0 0]
80,dataset_yolo/autos_bw/auto080.png,data_1m/autos_bw/auto080_rep02.png,CVN 829,True,0,[0 0 0 ... 0 0 0],[0 0 0 ... 0 0 0]
81,dataset_yolo/autos_bw/auto081.png,data_1m/autos_bw/auto081_rep01.png,IyN 155,True,0,[0 0 0 ... 0 0 0],[0 0 0 ... 0 0 0]
81,dataset_yolo/autos_bw/auto081.png,data_1m/autos_bw/auto081_rep02.png,IyN 155,True,0,[0 0 0 ... 0 0 0],[0 0 0 ... 0 0 0]
82,dataset_yolo/autos_bw/auto082.png,data_1m/autos_bw/auto082_rep01.png,MCZ-107,False,5,[0 0 0 ... 0 0 0],[0 0 0 ... 0 0 0]
82,dataset_yolo/autos_bw/auto082.png,data_1m/autos_bw/auto082_rep02.png,MCZ-107,False,5,[0 0 0 ... 0 0 0],[0 0 0 ... 0 0 0]
82,dataset_yolo/autos_bw/auto082.png,data_1m/autos_bw/auto082_rep03.png,MCZ-107,False,3,[0 0 0 ... 0 0 0],[0 0 0 ... 0 0 0]
82,dataset_yolo/autos_bw/auto082.png,data_1m/autos_bw/auto082_rep04.png,MCZ-107,False,5,[0 0 0 ... 0 0 0],[0 0 0 ... 0 0 0]
83,dataset_yolo/autos_bw/auto083.png,data_1m/autos_bw/auto083_rep01.png,EJY248,True,0,[1 1 1 ... 0 0 0],[1 1 1 ... 0 0 0]
83,dataset_yolo/autos_bw/auto083.png,data_1m/autos_bw/auto083_rep02.png,EJY248,True,0,[1 1 1 ... 0 0 0],[1 1 1 ... 0 0 0]
84,dataset_yolo/autos_bw/auto084.png,data_1m/autos_bw/auto084_rep01.png,MBP-1 64,False,6,[1 1 1 ... 1 0 0],[1 1 1 ... 1 0 0]
80,dataset_yolo/autos_bw/auto080.png,data_1m/autos_bw/auto080_rep03.png,CVN 829,False,724,[0 0 0 ... 0 0 0],[1 1 1 ... 1 0 0]
93,dataset_yolo/autos_bw/auto093.png,data_1m/autos_bw/auto093_rep01.png,UXK 776,False,902,[0 0 0 ... 1 1 1],[0 0 0 ... 1 1 0]
93,dataset_yolo/autos_bw/auto093.png,data_1m/autos_bw/auto093_rep02.png,UXK 776,False,902,[0 0 0 ... 1 1 1],[0 0 0 ... 1 1 0]
86,dataset_yolo/autos_bw/auto086.png,data_1m/autos_bw/auto086_rep01.png,PDR 1651,True,0,[0 0 1 ... 0 0 0],[0 0 1 ... 0 0 0]
86,dataset_yolo/autos_bw/auto086.png,data_1m/autos_bw/auto086_rep02.png,PDR 1651,True,0,[0 0 1 ... 0 0 0],[0 0 1 ... 0 0 0]
86,dataset_yolo/autos_bw/auto086.png,data_1m/autos_bw/auto086_rep03.png,PDR 1651,True,0,[0 0 1 ... 0 0 0],[0 0 1 ... 0 0 0]
222,,data_1m/autos_bw/auto222_rep01.png,,False,2000,,[1 1 1 ... 1 1 1]
87,dataset_yolo/autos_bw/auto087.png,data_1m/autos_bw/auto087_rep01.png,URV 180,True,0,[0 0 0 ... 1 1 1],[0 0 0 ... 1 1 1]
87,dataset_yolo/autos_bw/auto087.png,data_1m/autos_bw/auto087_rep02.png,URV 180,True,0,[0 0 0 ... 1 1 1],[0 0 0 ... 1 1 1]
87,dataset_yolo/autos_bw/auto087.png,data_1m/autos_bw/auto087_rep03.png,URV 180,True,0,[0 0 0 ... 1 1 1],[0 0 0 ... 1 1 1]
215,,data_1m/autos_bw/auto215_rep01.png,,False,2000,,[0 0 0 ... 1 1 1]
88,dataset_yolo/autos_bw/auto088.png,data_1m/autos_bw/auto088_rep01.png,URX308,True,0,[0 0 0 ... 0 0 0],[0 0 0 ... 0 0 0]
64,dataset_yolo/autos_bw/auto064.png,data_1m/autos_bw/auto064_rep07.png,DDX699,False,764,[1 0 1 ... 0 0 0],[0 0 0 ... 0 0 0]
89,dataset_yolo/autos_bw/auto089.png,data_1m/autos_bw/auto089_rep02.png,NuK 507,True,0,[0 0 1 ... 0 0 0],[0 0 1 ... 0 0 0]
89,dataset_yolo/autos_bw/auto089.png,data_1m/autos_bw/auto089_rep03.png,NuK 507,True,0,[0 0 1 ... 0 0 0],[0 0 1 ... 0 0 0]
90,dataset_yolo/autos_bw/auto090.png,data_1m/autos_bw/auto090_rep01.png,HKR157,True,0,[0 0 0 ... 0 0 0],[0 0 0 ... 0 0 0]
90,dataset_yolo/autos_bw/auto090.png,data_1m/autos_bw/auto090_rep02.png,HKR157,True,0,[0 0 0 ... 0 0 0],[0 0 0 ... 0 0 0]
91,dataset_yolo/autos_bw/auto091.png,data_1m/autos_bw/auto091_rep01.png,NLS 145,False,1,[1 1 1 ... 0 0 0],[1 1 1 ... 0 0 0]
91,dataset_yolo/autos_bw/auto091.png,data_1m/autos_bw/auto091_rep02.png,NLS 145,True,0,[1 1 1 ... 0 0 0],[1 1 1 ... 0 0 0]
91,dataset_yolo/autos_bw/auto091.png,data_1m/autos_bw/auto091_rep03.png,NLS 145,True,0,[1 1 1 ... 0 0 0],[1 1 1 ... 0 0 0]
92,dataset_yolo/autos_bw/auto092.png,data_1m/autos_bw/auto092_rep01.png,EVU-040,True,0,[0 0 0 ... 0 0 0],[0 0 0 ... 0 0 0]
92,dataset_yolo/autos_bw/auto092.png,data_1m/autos_bw/auto092_rep02.png,EVU-040,True,0,[0 0 0 ... 0 0 0],[0 0 0 ... 0 0 0]
92,dataset_yolo/autos_bw/auto092.png,data_1m/autos_bw/auto092_rep03.png,EVU-040,True,0,[0 0 0 ... 0 0 0],[0 0 0 ... 0 0 0]
92,dataset_yolo/autos_bw/auto092.png,data_1m/autos_bw/auto092_rep04.png,EVU-040,True,0,[0 0 0 ... 0 0 0],[0 0 0 ... 0 0 0]
93,dataset_yolo/autos_bw/auto093.png,data_1m/autos_bw/auto093_rep03.png,UXK 776,True,0,[0 0 0 ... 1 1 1],[0 0 0 ... 1 1 1]
93,dataset_yolo/autos_bw/auto093.png,data_1m/autos_bw/auto093_rep04.png,UXK 776,True,0,[0 0 0 ... 1 1 1],[0 0 0 ... 1 1 1]
94,dataset_yolo/autos_bw/auto094.png,data_1m/autos_bw/auto094_rep01.png,NCL-217,False,1,[0 0 0 ... 0 0 0],[0 0 0 ... 0 0 0]
94,dataset_yolo/autos_bw/auto094.png,data_1m/autos_bw/auto094_rep02.png,NCL-217,False,2,[0 0 0 ... 0 0 0],[0 0 0 ... 0 0 0]
94,dataset_yolo/autos_bw/auto094.png,data_1m/autos_bw/auto094_rep03.png,NCL-217,False,1,[0 0 0 ... 0 0 0],[0 0 0 ... 0 0 0]
95,dataset_yolo/autos_bw/auto095.png,data_1m/autos_bw/auto095_rep01.png,JXY 368,True,0,[1 1 1 ... 0 0 0],[1 1 1 ... 0 0 0]
95,dataset_yolo/autos_bw/auto095.png,data_1m/autos_bw/auto095_rep02.png,JXY 368,True,0,[1 1 1 ... 0 0 0],[1 1 1 ... 0 0 0]
95,dataset_yolo/autos_bw/auto095.png,data_1m/autos_bw/auto095_rep03.png,JXY 368,True,0,[1 1 1 ... 0 0 0],[1 1 1 ... 0 0 0]
96,dataset_yolo/autos_bw/auto096.png,data_1m/autos_bw/auto096_rep01.png,BZH-407,True,0,[1 0 0 ... 0 0 0],[1 0 0 ... 0 0 0]
96,dataset_yolo/autos_bw/auto096.png,data_1m/autos_bw/auto096_rep02.png,BZH-407,True,0,[1 0 0 ... 0 0 0],[1 0 0 ... 0 0 0]
97,dataset_yolo/autos_bw/auto097.png,data_1m/autos_bw/auto097_rep02.png,NIN 354,False,42,[1 1 1 ... 0 0 0],[1 1 1 ... 0 0 0]
97,dataset_yolo/autos_bw/auto097.png,data_1m/autos_bw/auto097_rep03.png,NIN 354,True,0,[1 1 1 ... 0 0 0],[1 1 1 ... 0 0 0]
97,dataset_yolo/autos_bw/auto097.png,data_1m/autos_bw/auto097_rep04.png,NIN 354,True,0,[1 1 1 ... 0 0 0],[1 1 1 ... 0 0 0]
97,dataset_yolo/autos_bw/auto097.png,data_1m/autos_bw/auto097_rep05.png,NIN 354,True,0,[1 1 1 ... 0 0 0],[1 1 1 ... 0 0 0]
97,dataset_yolo/autos_bw/auto097.png,data_1m/autos_bw/auto097_rep06.png,NIN 354,True,0,[1 1 1 ... 0 0 0],[1 1 1 ... 0 0 0]
98,dataset_yolo/autos_bw/auto098.png,data_1m/autos_bw/auto098_rep01.png,NNY-336,False,2,[0 0 0 ... 0 0 0],[0 0 0 ... 0 0 0]
98,dataset_yolo/autos_bw/auto098.png,data_1m/autos_bw/auto098_rep02.png,NNY-336,False,3,[0 0 0 ... 0 0 0],[0 0 0 ... 0 0 0]
99,dataset_yolo/autos_bw/auto099.png,data_1m/autos_bw/auto099_rep01.png,CDN 327,False,4,[0 0 0 ... 1 1 1],[0 0 0 ... 1 1 1]
100,dataset_yolo/autos_bw/auto100.png,data_1m/autos_bw/auto100_rep01.png,MVS 848,False,3,[0 0 0 ... 0 0 0],[0 0 0 ... 0 0 0]
100,dataset_yolo/autos_bw/auto100.png,data_1m/autos_bw/auto100_rep02.png,MVS 848,True,0,[0 0 0 ... 0 0 0],[0 0 0 ... 0 0 0]
101,dataset_yolo/autos_bw/auto101.png,data_1m/autos_bw/auto101_rep01.png,HAR 397,True,0,[0 0 0 ... 0 0 0],[0 0 0 ... 0 0 0]
101,dataset_yolo/autos_bw/auto101.png,data_1m/autos_bw/auto101_rep02.png,HAR 397,True,0,[0 0 0 ... 0 0 0],[0 0 0 ... 0 0 0]
102,dataset_yolo/autos_bw/auto102.png,data_1m/autos_bw/auto102_rep01.png,LML.045,False,7,[0 0 0 ... 0 0 0],[0 0 0 ... 0 0 0]
102,dataset_yolo/autos_bw/auto102.png,data_1m/autos_bw/auto102_rep02.png,LML.045,False,5,[0 0 0 ... 0 0 0],[0 0 0 ... 0 0 0]
103,dataset_yolo/autos_bw/auto103.png,data_1m/autos_bw/auto103_rep01.png,IXH206,False,1,[0 0 1 ... 1 0 0],[0 0 1 ... 1 0 0]
103,dataset_yolo/autos_bw/auto103.png,data_1m/autos_bw/auto103_rep02.png,IXH206,False,1,[0 0 1 ... 1 0 0],[0 0 1 ... 1 0 0]
103,dataset_yolo/autos_bw/auto103.png,data_1m/autos_bw/auto103_rep03.png,IXH206,False,1,[0 0 1 ... 1 0 0],[0 0 1 ... 1 0 0]
104,dataset_yolo/autos_bw/auto104.png,data_1m/autos_bw/auto104_rep01.png,FGO:299,True,0,[0 0 0 ... 1 1 1],[0 0 0 ... 1 1 1]
104,dataset_yolo/autos_bw/auto104.png,data_1m/autos_bw/auto104_rep02.png,FGO:299,False,2,[0 0 0 ... 1 1 1],[0 0 0 ... 1 1 1]
104,dataset_yolo/autos_bw/auto104.png,data_1m/autos_bw/auto104_rep03.png,FGO:299,True,0,[0 0 0 ... 1 1 1],[0 0 0 ... 1 1 1]
104,dataset_yolo/autos_bw/auto104.png,data_1m/autos_bw/auto104_rep04.png,FGO:299,True,0,[0 0 0 ... 1 1 1],[0 0 0 ... 1 1 1]
106,dataset_yolo/autos_bw/auto106.png,data_1m/autos_bw/auto106_rep01.png,RAO 838,False,1,[0 0 0 ... 0 0 0],[0 0 0 ... 0 0 0]
106,dataset_yolo/autos_bw/auto106.png,data_1m/autos_bw/auto106_rep02.png,RAO 838,True,0,[0 0 0 ... 0 0 0],[0 0 0 ... 0 0 0]
108,dataset_yolo/autos_bw/auto108.png,data_1m/autos_bw/auto108_rep01.png,OGA-988,False,3,[0 0 0 ... 1 1 1],[0 0 0 ... 1 1 1]
108,dataset_yolo/autos_bw/auto108.png,data_1m/autos_bw/auto108_rep02.png,OGA-988,False,3,[0 0 0 ... 1 1 1],[0 0 0 ... 1 1 1]
109,dataset_yolo/autos_bw/auto109.png,data_1m/autos_bw/auto109_rep01.png,HIS 777,True,0,[0 0 0 ... 0 0 0],[0 0 0 ... 0 0 0]
109,dataset_yolo/autos_bw/auto109.png,data_1m/autos_bw/auto109_rep02.png,HIS 777,True,0,[0 0 0 ... 0 0 0],[0 0 0 ... 0 0 0]
110,dataset_yolo/autos_bw/auto110.png,data_1m/autos_bw/auto110_rep01.png,UET945,True,0,[1 1 1 ... 1 1 1],[1 1 1 ... 1 1 1]
110,dataset_yolo/autos_bw/auto110.png,data_1m/autos_bw/auto110_rep02.png,UET945,True,0,[1 1 1 ... 1 1 1],[1 1 1 ... 1 1 1]
110,dataset_yolo/autos_bw/auto110.png,data_1m/autos_bw/auto110_rep03.png,UET945,True,0,[1 1 1 ... 1 1 1],[1 1 1 ... 1 1 1]
111,dataset_yolo/autos_bw/auto111.png,data_1m/autos_bw/auto111_rep01.png,EIM23,True,0,[0 0 0 ... 0 0 0],[0 0 0 ... 0 0 0]
111,dataset_yolo/autos_bw/auto111.png,data_1m/autos_bw/auto111_rep02.png,EIM23,True,0,[0 0 0 ... 0 0 0],[0 0 0 ... 0 0 0]
111,dataset_yolo/autos_bw/auto111.png,data_1m/autos_bw/auto111_rep03.png,EIM23,True,0,[0 0 0 ... 0 0 0],[0 0 0 ... 0 0 0]
112,dataset_yolo/autos_bw/auto112.png,data_1m/autos_bw/auto112_rep01.png,LNY:730,True,0,[0 0 0 ... 0 0 0],[0 0 0 ... 0 0 0]
112,dataset_yolo/autos_bw/auto112.png,data_1m/autos_bw/auto112_rep02.png,LNY:730,True,0,[0 0 0 ... 0 0 0],[0 0 0 ... 0 0 0]
114,dataset_yolo/autos_bw/auto114.png,data_1m/autos_bw/auto114_rep01.png,RNT-259,True,0,[0 0 0 ... 0 0 0],[0 0 0 ... 0 0 0]
114,dataset_yolo/autos_bw/auto114.png,data_1m/autos_bw/auto114_rep02.png,RNT-259,False,948,[0 0 0 ... 0 0 0],[0 0 0 ... 0 0 0]
114,dataset_yolo/autos_bw/auto114.png,data_1m/autos_bw/auto114_rep03.png,RNT-259,True,0,[0 0 0 ... 0 0 0],[0 0 0 ... 0 0 0]
114,dataset_yolo/autos_bw/auto114.png,data_1m/autos_bw/auto114_rep04.png,RNT-259,True,0,[0 0 0 ... 0 0 0],[0 0 0 ... 0 0 0]
115,dataset_yolo/autos_bw/auto115.png,data_1m/autos_bw/auto115_rep01.png,PBV.912,True,0,[1 1 1 ... 0 0 0],[1 1 1 ... 0 0 0]
116,dataset_yolo/autos_bw/auto116.png,data_1m/autos_bw/auto116_rep01.png,UBO 188,True,0,[0 0 0 ... 0 0 0],[0 0 0 ... 0 0 0]
116,dataset_yolo/autos_bw/auto116.png,data_1m/autos_bw/auto116_rep02.png,UBO 188,False,3,[0 0 0 ... 0 0 0],[0 0 0 ... 0 0 0]
116,dataset_yolo/autos_bw/auto116.png,data_1m/autos_bw/auto116_rep03.png,UBO 188,True,0,[0 0 0 ... 0 0 0],[0 0 0 ... 0 0 0]
116,dataset_yolo/autos_bw/auto116.png,data_1m/autos_bw/auto116_rep04.png,UBO 188,True,0,[0 0 0 ... 0 0 0],[0 0 0 ... 0 0 0]
117,dataset_yolo/autos_bw/auto117.png,data_1m/autos_bw/auto117_rep01.png,HKY-805,True,0,[0 0 0 ... 0 0 0],[0 0 0 ... 0 0 0]
117,dataset_yolo/autos_bw/auto117.png,data_1m/autos_bw/auto117_rep02.png,HKY-805,True,0,[0 0 0 ... 0 0 0],[0 0 0 ... 0 0 0]
118,dataset_yolo/autos_bw/auto118.png,data_1m/autos_bw/auto118_rep01.png,NCZ-497,True,0,[0 0 0 ... 1 1 1],[0 0 0 ... 1 1 1]
118,dataset_yolo/autos_bw/auto118.png,data_1m/autos_bw/auto118_rep02.png,NCZ-497,True,0,[0 0 0 ... 1 1 1],[0 0 0 ... 1 1 1]
119,dataset_yolo/autos_bw/auto119.png,data_1m/autos_bw/auto119_rep01.png,IPR 827,True,0,[0 0 0 ... 0 0 0],[0 0 0 ... 0 0 0]
119,dataset_yolo/autos_bw/auto119.png,data_1m/autos_bw/auto119_rep02.png,IPR 827,False,1,[0 0 0 ... 0 0 0],[0 0 0 ... 0 0 0]
119,dataset_yolo/autos_bw/auto119.png,data_1m/autos_bw/auto119_rep03.png,IPR 827,True,0,[0 0 0 ... 0 0 0],[0 0 0 ... 0 0 0]
120,dataset_yolo/autos_bw/auto120.png,data_1m/autos_bw/auto120_rep01.png,DAC 640,True,0,[0 0 0 ... 1 1 1],[0 0 0 ... 1 1 1]
121,dataset_yolo/autos_bw/auto121.png,data_1m/autos_bw/auto121_rep01.png,LHz.981,True,0,[0 0 0 ... 0 0 0],[0 0 0 ... 0 0 0]
121,dataset_yolo/autos_bw/auto121.png,data_1m/autos_bw/auto121_rep02.png,LHz.981,True,0,[0 0 0 ... 0 0 0],[0 0 0 ... 0 0 0]
121,dataset_yolo/autos_bw/auto121.png,data_1m/autos_bw/auto121_rep03.png,LHz.981,True,0,[0 0 0 ... 0 0 0],[0 0 0 ... 0 0 0]
122,dataset_yolo/autos_bw/auto122.png,data_1m/autos_bw/auto122_rep01.png,CSM597,True,0,[0 0 0 ... 1 1 1],[0 0 0 ... 1 1 1]
122,dataset_yolo/autos_bw/auto122.png,data_1m/autos_bw/auto122_rep02.png,CSM597,False,1,[0 0 0 ... 1 1 1],[0 0 0 ... 1 1 1]
122,dataset_yolo/autos_bw/auto122.png,data_1m/autos_bw/auto122_rep03.png,CSM597,True,0,[0 0 0 ... 1 1 1],[0 0 0 ... 1 1 1]
123,dataset_yolo/autos_bw/auto123.png,data_1m/autos_bw/auto123_rep01.png,ULZ 436,True,0,[1 0 0 ... 0 0 0],[1 0 0 ... 0 0 0]
124,dataset_yolo/autos_bw/auto124.png,data_1m/autos_bw/auto124_rep01.png,REP.229,False,5,[0 0 0 ... 0 0 0],[0 0 0 ... 0 0 0]
124,dataset_yolo/autos_bw/auto124.png,data_1m/autos_bw/auto124_rep02.png,REP.229,False,5,[0 0 0 ... 0 0 0],[0 0 0 ... 0 0 0]
124,dataset_yolo/autos_bw/auto124.png,data_1m/autos_bw/auto124_rep03.png,REP.229,False,8,[0 0 0 ... 0 0 0],[0 0 0 ... 0 0 0]
125,dataset_yolo/autos_bw/auto125.png,data_1m/autos_bw/auto125_rep01.png,CCQ 398,False,3,[0 0 0 ... 0 0 0],[0 0 0 ... 0 0 0]
125,dataset_yolo/autos_bw/auto125.png,data_1m/autos_bw/auto125_rep02.png,CCQ 398,False,3,[0 0 0 ... 0 0 0],[0 0 0 ... 0 0 0]
125,dataset_yolo/autos_bw/auto125.png,data_1m/autos_bw/auto125_rep03.png,CCQ 398,False,4,[0 0 0 ... 0 0 0],[0 0 0 ... 0 0 0]
126,dataset_yolo/autos_bw/auto126.png,data_1m/autos_bw/auto126_rep01.png,RKS 078,False,323,[0 0 0 ... 0 0 0],[0 0 0 ... 0 0 0]
126,dataset_yolo/autos_bw/auto126.png,data_1m/autos_bw/auto126_rep02.png,RKS 078,True,0,[0 0 0 ... 0 0 0],[0 0 0 ... 0 0 0]
126,dataset_yolo/autos_bw/auto126.png,data_1m/autos_bw/auto126_rep03.png,RKS 078,True,0,[0 0 0 ... 0 0 0],[0 0 0 ... 0 0 0]
127,dataset_yolo/autos_bw/auto127.png,data_1m/autos_bw/auto127_rep01.png,3C53S5,True,0,[0 0 0 ... 0 0 0],[0 0 0 ... 0 0 0]
127,dataset_yolo/autos_bw/auto127.png,data_1m/autos_bw/auto127_rep02.png,3C53S5,True,0,[0 0 0 ... 0 0 0],[0 0 0 ... 0 0 0]
127,dataset_yolo/autos_bw/auto127.png,data_1m/autos_bw/auto127_rep03.png,3C53S5,False,1,[0 0 0 ... 0 0 0],[0 0 0 ... 0 0 0]
128,dataset_yolo/autos_bw/auto128.png,data_1m/autos_bw/auto128_rep02.png,LPo806,True,0,[0 0 0 ... 1 1 0],[0 0 0 ... 1 1 0]
128,dataset_yolo/autos_bw/auto128.png,data_1m/autos_bw/auto128_rep03.png,LPo806,True,0,[0 0 0 ... 1 1 0],[0 0 0 ... 1 1 0]
128,dataset_yolo/autos_bw/auto128.png,data_1m/autos_bw/auto128_rep04.png,LPo806,True,0,[0 0 0 ... 1 1 0],[0 0 0 ... 1 1 0]
129,dataset_yolo/autos_bw/auto129.png,data_1m/autos_bw/auto129_rep02.png,HBM 486,True,0,[0 0 0 ... 0 0 0],[0 0 0 ... 0 0 0]
129,dataset_yolo/autos_bw/auto129.png,data_1m/autos_bw/auto129_rep03.png,HBM 486,True,0,[0 0 0 ... 0 0 0],[0 0 0 ... 0 0 0]
129,dataset_yolo/autos_bw/auto129.png,data_1m/autos_bw/auto129_rep04.png,HBM 486,False,7,[0 0 0 ... 0 0 0],[0 0 0 ... 0 0 0]
130,dataset_yolo/autos_bw/auto130.png,data_1m/autos_bw/auto130_rep01.png,BYE.999,False,6,[0 0 0 ... 0 0 0],[0 0 0 ... 0 0 0]
131,dataset_yolo/autos_bw/auto131.png,data_1m/autos_bw/auto131_rep01.png,Lox267,True,0,[1 1 1 ... 0 0 0],[1 1 1 ... 0 0 0]
132,dataset_yolo/autos_bw/auto132.png,data_1m/autos_bw/auto132_rep02.png,LMN:134,False,1,[0 0 0 ... 0 0 0],[0 0 0 ... 0 0 0]
132,dataset_yolo/autos_bw/auto132.png,data_1m/autos_bw/auto132_rep03.png,LMN:134,False,3,[0 0 0 ... 0 0 0],[0 0 0 ... 0 0 0]
133,dataset_yolo/autos_bw/auto133.png,data_1m/autos_bw/auto133_rep01.png,PDX389,False,3,[0 0 0 ... 1 1 1],[0 0 0 ... 1 1 1]
134,dataset_yolo/autos_bw/auto134.png,data_1m/autos_bw/auto134_rep01.png,GPS 178,True,0,[0 0 0 ... 0 0 0],[0 0 0 ... 0 0 0]
134,dataset_yolo/autos_bw/auto134.png,data_1m/autos_bw/auto134_rep02.png,GPS 178,True,0,[0 0 0 ... 0 0 0],[0 0 0 ... 0 0 0]
135,dataset_yolo/autos_bw/auto135.png,data_1m/autos_bw/auto135_rep01.png,JEK 428,True,0,[0 0 0 ... 0 0 0],[0 0 0 ... 0 0 0]
135,dataset_yolo/autos_bw/auto135.png,data_1m/autos_bw/auto135_rep02.png,JEK 428,True,0,[0 0 0 ... 0 0 0],[0 0 0 ... 0 0 0]
136,dataset_yolo/autos_bw/auto136.png,data_1m/autos_bw/auto136_rep01.png,700,True,0,[0 0 0 ... 0 1 0],[0 0 0 ... 0 1 0]
136,dataset_yolo/autos_bw/auto136.png,data_1m/autos_bw/auto136_rep02.png,700,True,0,[0 0 0 ... 0 1 0],[0 0 0 ... 0 1 0]
0,,data_1m/autos_bw/auto000_rep01.png,,False,2000,,[0 0 0 ... 0 0 0]
0,,data_1m/autos_bw/auto000_rep02.png,,False,2000,,[0 0 0 ... 0 0 0]
137,dataset_yolo/autos_bw/auto137.png,data_1m/autos_bw/auto137_rep01.png,KTP 060,False,1,[0 0 0 ... 0 0 0],[0 0 0 ... 0 0 0]
0,,data_1m/autos_bw/auto000_rep03.png,,False,2000,,[0 0 0 ... 0 0 0]
138,dataset_yolo/autos_bw/auto138.png,data_1m/autos_bw/auto138_rep01.png,FOR 4381,False,4,[0 0 0 ... 0 0 0],[0 0 0 ... 0 0 0]
138,dataset_yolo/autos_bw/auto138.png,data_1m/autos_bw/auto138_rep02.png,FOR 4381,False,2,[0 0 0 ... 0 0 0],[0 0 0 ... 0 0 0]
139,dataset_yolo/autos_bw/auto139.png,data_1m/autos_bw/auto139_rep01.png,PFH232,False,10,[0 0 0 ... 0 0 0],[0 0 0 ... 0 0 0]
139,dataset_yolo/autos_bw/auto139.png,data_1m/autos_bw/auto139_rep02.png,PFH232,False,7,[0 0 0 ... 0 0 0],[0 0 0 ... 0 0 0]
139,dataset_yolo/autos_bw/auto139.png,data_1m/autos_bw/auto139_rep03.png,PFH232,False,4,[0 0 0 ... 0 0 0],[0 0 0 ... 0 0 0]
139,dataset_yolo/autos_bw/auto139.png,data_1m/autos_bw/auto139_rep04.png,PFH232,False,3,[0 0 0 ... 0 0 0],[0 0 0 ... 0 0 0]
140,dataset_yolo/autos_bw/auto140.png,data_1m/autos_bw/auto140_rep01.png,DDKZ1O,True,0,[0 0 0 ... 1 1 1],[0 0 0 ... 1 1 1]
140,dataset_yolo/autos_bw/auto140.png,data_1m/autos_bw/auto140_rep02.png,DDKZ1O,False,3,[0 0 0 ... 1 1 1],[0 0 0 ... 1 1 1]
141,dataset_yolo/autos_bw/auto141.png,data_1m/autos_bw/auto141_rep01.png,400,False,11,[0 0 0 ... 0 0 0],[0 0 0 ... 0 0 0]
141,dataset_yolo/autos_bw/auto141.png,data_1m/autos_bw/auto141_rep02.png,400,False,1,[0 0 0 ... 0 0 0],[0 0 0 ... 0 0 0]
142,dataset_yolo/autos_bw/auto142.png,data_1m/autos_bw/auto142_rep01.png,D.C:,True,0,[1 1 1 ... 0 0 0],[1 1 1 ... 0 0 0]
142,dataset_yolo/autos_bw/auto142.png,data_1m/autos_bw/auto142_rep02.png,D.C:,True,0,[1 1 1 ... 0 0 0],[1 1 1 ... 0 0 0]
142,dataset_yolo/autos_bw/auto142.png,data_1m/autos_bw/auto142_rep03.png,D.C:,True,0,[1 1 1 ... 0 0 0],[1 1 1 ... 0 0 0]
143,dataset_yolo/autos_bw/auto143.png,data_1m/autos_bw/auto143_rep01.png,420,True,0,[1 1 1 ... 0 0 0],[1 1 1 ... 0 0 0]
143,dataset_yolo/autos_bw/auto143.png,data_1m/autos_bw/auto143_rep02.png,420,True,0,[1 1 1 ... 0 0 0],[1 1 1 ... 0 0 0]
143,dataset_yolo/autos_bw/auto143.png,data_1m/autos_bw/auto143_rep03.png,420,True,0,[1 1 1 ... 0 0 0],[1 1 1 ... 0 0 0]
145,dataset_yolo/autos_bw/auto145.png,data_1m/autos_bw/auto145_rep01.png,RBR 716,True,0,[0 0 0 ... 0 0 0],[0 0 0 ... 0 0 0]
146,dataset_yolo/autos_bw/auto146.png,data_1m/autos_bw/auto146_rep01.png,FPV 437,True,0,[0 0 0 ... 0 0 0],[0 0 0 ... 0 0 0]
146,dataset_yolo/autos_bw/auto146.png,data_1m/autos_bw/auto146_rep02.png,FPV 437,True,0,[0 0 0 ... 0 0 0],[0 0 0 ... 0 0 0]
147,dataset_yolo/autos_bw/auto147.png,data_1m/autos_bw/auto147_rep01.png,MBO 657,False,1,[0 0 0 ... 0 0 0],[0 0 0 ... 0 0 0]
147,dataset_yolo/autos_bw/auto147.png,data_1m/autos_bw/auto147_rep02.png,MBO 657,True,0,[0 0 0 ... 0 0 0],[0 0 0 ... 0 0 0]
147,dataset_yolo/autos_bw/auto147.png,data_1m/autos_bw/auto147_rep03.png,MBO 657,False,1,[0 0 0 ... 0 0 0],[0 0 0 ... 0 0 0]
148,dataset_yolo/autos_bw/auto148.png,data_1m/autos_bw/auto148_rep01.png,LNV 887],True,0,[0 0 0 ... 0 0 0],[0 0 0 ... 0 0 0]
149,dataset_yolo/autos_bw/auto149.png,data_1m/autos_bw/auto149_rep01.png,DZT 930,True,0,[0 0 0 ... 0 0 0],[0 0 0 ... 0 0 0]
150,dataset_yolo/autos_bw/auto150.png,data_1m/autos_bw/auto150_rep01.png,BEJ 619,False,2,[0 0 0 ... 0 1 0],[0 0 0 ... 0 1 0]
129,dataset_yolo/autos_bw/auto129.png,data_1m/autos_bw/auto129_rep05.png,HBM 486,False,972,[0 0 0 ... 0 0 0],[1 0 0 ... 0 0 0]
59,dataset_yolo/autos_bw/auto059.png,data_1m/autos_bw/auto059_rep03.png,RJz 690],False,1044,[0 0 0 ... 0 0 0],[0 1 1 ... 1 0 1]
104,dataset_yolo/autos_bw/auto104.png,data_1m/autos_bw/auto104_rep05.png,FGO:299,False,997,[0 0 0 ... 1 1 1],[0 1 0 ... 0 0 1]
29,dataset_yolo/autos_bw/auto029.png,data_1m/autos_bw/auto029_rep04.png,JFL 8261,False,957,[0 0 0 ... 1 1 1],[0 1 1 ... 0 0 0]
63,dataset_yolo/autos_bw/auto063.png,data_1m/autos_bw/auto063_rep05.png,UCO 197,False,1019,[0 0 0 ... 0 0 0],[1 0 1 ... 1 1 1]
165,dataset_yolo/autos_bw/auto165.png,data_1m/autos_bw/auto165_rep01.png,URM:716,False,1045,[0 0 0 ... 1 1 1],[1 0 1 ... 0 1 1]
0,,data_1m/autos_bw/auto000_rep04.png,,False,2000,,[0 0 1 ... 1 1 1]
72,dataset_yolo/autos_bw/auto072.png,data_1m/autos_bw/auto072_rep03.png,HAN557,False,962,[0 0 1 ... 0 0 0],[1 1 1 ... 0 0 0]
30,dataset_yolo/autos_bw/auto030.png,data_1m/autos_bw/auto030_rep03.png,UUT-864,False,963,[0 0 0 ... 0 0 0],[1 1 1 ... 0 1 0]
20,dataset_yolo/autos_bw/auto020.png,data_1m/autos_bw/auto020_rep05.png,RAU:2371,False,888,[0 0 0 ... 1 1 1],[0 1 0 ... 0 0 0]
191,,data_1m/autos_bw/auto191_rep01.png,,False,2000,,[1 1 1 ... 0 0 1]
78,dataset_yolo/autos_bw/auto078.png,data_1m/autos_bw/auto078_rep03.png,HJU 297,False,1006,[1 1 1 ... 0 0 0],[1 1 0 ... 0 1 1]
15,dataset_yolo/autos_bw/auto015.png,data_1m/autos_bw/auto015_rep03.png,447,False,900,[1 1 1 ... 0 1 1],[0 1 0 ... 0 1 1]
155,dataset_yolo/autos_bw/auto155.png,data_1m/autos_bw/auto155_rep01.png,LMV 166,True,0,[1 1 1 ... 0 0 0],[1 1 1 ... 0 0 0]
155,dataset_yolo/autos_bw/auto155.png,data_1m/autos_bw/auto155_rep02.png,LMV 166,True,0,[1 1 1 ... 0 0 0],[1 1 1 ... 0 0 0]
155,dataset_yolo/autos_bw/auto155.png,data_1m/autos_bw/auto155_rep03.png,LMV 166,True,0,[1 1 1 ... 0 0 0],[1 1 1 ... 0 0 0]
156,dataset_yolo/autos_bw/auto156.png,data_1m/autos_bw/auto156_rep01.png,FYS-148,True,0,[0 0 0 ... 0 0 1],[0 0 0 ... 0 0 1]
157,dataset_yolo/autos_bw/auto157.png,data_1m/autos_bw/auto157_rep01.png,BSY.339,True,0,[1 1 1 ... 0 0 0],[1 1 1 ... 0 0 0]
157,dataset_yolo/autos_bw/auto157.png,data_1m/autos_bw/auto157_rep02.png,BSY.339,True,0,[1 1 1 ... 0 0 0],[1 1 1 ... 0 0 0]
32,dataset_yolo/autos_bw/auto032.png,data_1m/autos_bw/auto032_rep02.png,EMM 0391,False,857,[0 0 0 ... 0 0 0],[0 0 0 ... 0 0 0]
32,dataset_yolo/autos_bw/auto032.png,data_1m/autos_bw/auto032_rep03.png,EMM 0391,False,936,[0 0 0 ... 0 0 0],[0 0 0 ... 1 1 1]
158,dataset_yolo/autos_bw/auto158.png,data_1m/autos_bw/auto158_rep01.png,RBN787,False,3,[1 1 1 ... 0 0 0],[1 1 1 ... 0 0 0]
159,dataset_yolo/autos_bw/auto159.png,data_1m/autos_bw/auto159_rep01.png,RMo:789,True,0,[0 0 0 ... 1 1 1],[0 0 0 ... 1 1 1]
159,dataset_yolo/autos_bw/auto159.png,data_1m/autos_bw/auto159_rep02.png,RMo:789,False,707,[0 0 0 ... 1 1 1],[0 0 0 ... 0 0 0]
159,dataset_yolo/autos_bw/auto159.png,data_1m/autos_bw/auto159_rep03.png,RMo:789,False,2,[0 0 0 ... 1 1 1],[0 0 0 ... 1 1 1]
160,dataset_yolo/autos_bw/auto160.png,data_1m/autos_bw/auto160_rep01.png,LYM517,True,0,[1 1 1 ... 0 1 1],[1 1 1 ... 0 1 1]
239,,data_1m/autos_bw/auto239_rep01.png,,False,2000,,[1 0 0 ... 0 0 0]
160,dataset_yolo/autos_bw/auto160.png,data_1m/autos_bw/auto160_rep02.png,LYM517,False,1,[1 1 1 ... 0 1 1],[1 1 1 ... 0 1 1]
161,dataset_yolo/autos_bw/auto161.png,data_1m/autos_bw/auto161_rep01.png,KXT-494,True,0,[0 0 0 ... 1 1 1],[0 0 0 ... 1 1 1]
96,dataset_yolo/autos_bw/auto096.png,data_1m/autos_bw/auto096_rep03.png,BZH-407,False,1013,[1 0 0 ... 0 0 0],[0 0 0 ... 0 0 0]
96,dataset_yolo/autos_bw/auto096.png,data_1m/autos_bw/auto096_rep04.png,BZH-407,False,1013,[1 0 0 ... 0 0 0],[0 0 0 ... 0 0 0]
96,dataset_yolo/autos_bw/auto096.png,data_1m/autos_bw/auto096_rep05.png,BZH-407,False,1013,[1 0 0 ... 0 0 0],[0 0 0 ... 0 0 0]
64,dataset_yolo/autos_bw/auto064.png,data_1m/autos_bw/auto064_rep08.png,DDX699,False,779,[1 0 1 ... 0 0 0],[0 0 0 ... 0 0 0]
162,dataset_yolo/autos_bw/auto162.png,data_1m/autos_bw/auto162_rep01.png,Avg 306,False,1,[0 0 0 ... 0 0 0],[0 0 0 ... 0 0 0]
162,dataset_yolo/autos_bw/auto162.png,data_1m/autos_bw/auto162_rep02.png,Avg 306,False,9,[0 0 0 ... 0 0 0],[0 0 0 ... 0 0 0]
162,dataset_yolo/autos_bw/auto162.png,data_1m/autos_bw/auto162_rep03.png,Avg 306,False,4,[0 0 0 ... 0 0 0],[0 0 0 ... 0 0 0]
255,,data_1m/autos_bw/auto255_rep01.png,,False,2000,,[1 1 0 ... 0 0 0]
255,,data_1m/autos_bw/auto255_rep02.png,,False,2000,,[1 1 0 ... 0 0 0]
165,dataset_yolo/autos_bw/auto165.png,data_1m/autos_bw/auto165_rep02.png,URM:716,False,1,[0 0 0 ... 1 1 1],[0 0 0 ... 1 1 1]
166,dataset_yolo/autos_bw/auto166.png,data_1m/autos_bw/auto166_rep01.png,NIX857,True,0,[1 1 1 ... 0 0 0],[1 1 1 ... 0 0 0]
166,dataset_yolo/autos_bw/auto166.png,data_1m/autos_bw/auto166_rep02.png,NIX857,True,0,[1 1 1 ... 0 0 0],[1 1 1 ... 0 0 0]
166,dataset_yolo/autos_bw/auto166.png,data_1m/autos_bw/auto166_rep03.png,NIX857,True,0,[1 1 1 ... 0 0 0],[1 1 1 ... 0 0 0]
167,dataset_yolo/autos_bw/auto167.png,data_1m/autos_bw/auto167_rep01.png,DRT-690,True,0,[1 1 1 ... 0 0 0],[1 1 1 ... 0 0 0]
167,dataset_yolo/autos_bw/auto167.png,data_1m/autos_bw/auto167_rep02.png,DRT-690,True,0,[1 1 1 ... 0 0 0],[1 1 1 ... 0 0 0]
167,dataset_yolo/autos_bw/auto167.png,data_1m/autos_bw/auto167_rep03.png,DRT-690,True,0,[1 1 1 ... 0 0 0],[1 1 1 ... 0 0 0]
168,dataset_yolo/autos_bw/auto168.png,data_1m/autos_bw/auto168_rep01.png,DMH-407,True,0,[0 0 0 ... 0 0 0],[0 0 0 ... 0 0 0]
169,dataset_yolo/autos_bw/auto169.png,data_1m/autos_bw/auto169_rep01.png,EBM 175/,False,536,[0 0 0 ... 0 0 0],[0 0 0 ... 0 0 0]
2,dataset_yolo/autos_bw/auto002.png,data_1m/autos_bw/auto002_rep06.png,MAU.096,False,893,[0 0 0 ... 0 0 0],[1 1 1 ... 0 0 0]
130,dataset_yolo/autos_bw/auto130.png,data_1m/autos_bw/auto130_rep02.png,BYE.999,False,981,[0 0 0 ... 0 0 0],[1 1 1 ... 0 0 0]
250,,data_1m/autos_bw/auto250_rep01.png,,False,2000,,[1 1 1 ... 0 0 0]
190,,data_1m/autos_bw/auto190_rep02.png,,False,2000,,[1 1 1 ... 0 0 0]
172,dataset_yolo/autos_bw/auto172.png,data_1m/autos_bw/auto172_rep01.png,NLT 717,False,12,[0 0 0 ... 0 0 0],[0 0 0 ... 0 0 0]
172,dataset_yolo/autos_bw/auto172.png,data_1m/autos_bw/auto172_rep02.png,NLT 717,False,6,[0 0 0 ... 0 0 0],[0 0 0 ... 0 0 0]
174,dataset_yolo/autos_bw/auto174.png,data_1m/autos_bw/auto174_rep01.png,CXH580,True,0,[0 0 0 ... 1 1 1],[0 0 0 ... 1 1 1]
174,dataset_yolo/autos_bw/auto174.png,data_1m/autos_bw/auto174_rep02.png,CXH580,True,0,[0 0 0 ... 1 1 1],[0 0 0 ... 1 1 1]
175,dataset_yolo/autos_bw/auto175.png,data_1m/autos_bw/auto175_rep01.png,Ivk 8827,True,0,[0 0 0 ... 0 0 0],[0 0 0 ... 0 0 0]
175,dataset_yolo/autos_bw/auto175.png,data_1m/autos_bw/auto175_rep02.png,Ivk 8827,True,0,[0 0 0 ... 0 0 0],[0 0 0 ... 0 0 0]
176,dataset_yolo/autos_bw/auto176.png,data_1m/autos_bw/auto176_rep01.png,MAX067,True,0,[0 0 0 ... 1 1 0],[0 0 0 ... 1 1 0]
176,dataset_yolo/autos_bw/auto176.png,data_1m/autos_bw/auto176_rep02.png,MAX067,False,819,[0 0 0 ... 1 1 0],[0 0 0 ... 0 0 0]
177,dataset_yolo/autos_bw/auto177.png,data_1m/autos_bw/auto177_rep01.png,ZIO568,True,0,[1 1 1 ... 0 0 0],[1 1 1 ... 0 0 0]
177,dataset_yolo/autos_bw/auto177.png,data_1m/autos_bw/auto177_rep02.png,ZIO568,True,0,[1 1 1 ... 0 0 0],[1 1 1 ... 0 0 0]
177,dataset_yolo/autos_bw/auto177.png,data_1m/autos_bw/auto177_rep03.png,ZIO568,False,1,[1 1 1 ... 0 0 0],[1 1 1 ... 0 0 0]
177,dataset_yolo/autos_bw/auto177.png,data_1m/autos_bw/auto177_rep04.png,ZIO568,True,0,[1 1 1 ... 0 0 0],[1 1 1 ... 0 0 0]
178,dataset_yolo/autos_bw/auto178.png,data_1m/autos_bw/auto178_rep02.png,CCN 216,True,0,[0 0 0 ... 0 0 0],[0 0 0 ... 0 0 0]
178,dataset_yolo/autos_bw/auto178.png,data_1m/autos_bw/auto178_rep03.png,CCN 216,True,0,[0 0 0 ... 0 0 0],[0 0 0 ... 0 0 0]
178,dataset_yolo/autos_bw/auto178.png,data_1m/autos_bw/auto178_rep04.png,CCN 216,True,0,[0 0 0 ... 0 0 0],[0 0 0 ... 0 0 0]
179,dataset_yolo/autos_bw/auto179.png,data_1m/autos_bw/auto179_rep01.png,GcV:208,False,1,[0 0 0 ... 0 0 0],[0 0 0 ... 0 0 0]
180,dataset_yolo/autos_bw/auto180.png,data_1m/autos_bw/auto180_rep01.png,IGPz 709,True,0,[1 1 1 ... 1 1 1],[1 1 1 ... 1 1 1]
180,dataset_yolo/autos_bw/auto180.png,data_1m/autos_bw/auto180_rep02.png,IGPz 709,False,2,[1 1 1 ... 1 1 1],[1 1 1 ... 1 1 1]
26,dataset_yolo/autos_bw/auto026.png,data_1m/autos_bw/auto026_rep03.png,ULX9631,False,773,[0 1 1 ... 0 0 0],[0 0 0 ... 0 0 0]
182,dataset_yolo/autos_bw/auto182.png,data_1m/autos_bw/auto182_rep01.png,NIT 129,False,2,[0 0 0 ... 1 1 0],[0 0 0 ... 1 1 0]
182,dataset_yolo/autos_bw/auto182.png,data_1m/autos_bw/auto182_rep02.png,NIT 129,False,2,[0 0 0 ... 1 1 0],[0 0 0 ... 1 1 0]
